{
  "hash": "94e8e1ad",
  "configHash": "46c364b6",
  "lockfileHash": "b26d9254",
  "browserHash": "a206c16a",
  "optimized": {
    "@angular/common": {
      "src": "../../../../../../node_modules/@angular/common/fesm2022/common.mjs",
      "file": "@angular_common.js",
      "fileHash": "04db763d",
      "needsInterop": false
    },
    "@angular/common/http": {
      "src": "../../../../../../node_modules/@angular/common/fesm2022/http.mjs",
      "file": "@angular_common_http.js",
      "fileHash": "b2774ca3",
      "needsInterop": false
    },
    "@angular/compiler": {
      "src": "../../../../../../node_modules/@angular/compiler/fesm2022/compiler.mjs",
      "file": "@angular_compiler.js",
      "fileHash": "73a297c8",
      "needsInterop": false
    },
    "@angular/core": {
      "src": "../../../../../../node_modules/@angular/core/fesm2022/core.mjs",
      "file": "@angular_core.js",
      "fileHash": "74c1d745",
      "needsInterop": false
    },
    "@angular/forms": {
      "src": "../../../../../../node_modules/@angular/forms/fesm2022/forms.mjs",
      "file": "@angular_forms.js",
      "fileHash": "acd85904",
      "needsInterop": false
    },
    "@angular/platform-browser": {
      "src": "../../../../../../node_modules/@angular/platform-browser/fesm2022/platform-browser.mjs",
      "file": "@angular_platform-browser.js",
      "fileHash": "cdf271bc",
      "needsInterop": false
    },
    "@angular/router": {
      "src": "../../../../../../node_modules/@angular/router/fesm2022/router.mjs",
      "file": "@angular_router.js",
      "fileHash": "507ef19a",
      "needsInterop": false
    },
    "@angular/service-worker": {
      "src": "../../../../../../node_modules/@angular/service-worker/fesm2022/service-worker.mjs",
      "file": "@angular_service-worker.js",
      "fileHash": "03e3525d",
      "needsInterop": false
    },
    "@capacitor/splash-screen": {
      "src": "../../../../../../node_modules/@capacitor/splash-screen/dist/esm/index.js",
      "file": "@capacitor_splash-screen.js",
      "fileHash": "55e72c4d",
      "needsInterop": false
    },
    "@capacitor/status-bar": {
      "src": "../../../../../../node_modules/@capacitor/status-bar/dist/esm/index.js",
      "file": "@capacitor_status-bar.js",
      "fileHash": "e02e8184",
      "needsInterop": false
    },
    "@ionic/angular": {
      "src": "../../../../../../node_modules/@ionic/angular/fesm2022/ionic-angular.mjs",
      "file": "@ionic_angular.js",
      "fileHash": "531ae931",
      "needsInterop": false
    },
    "@ionic/angular/standalone": {
      "src": "../../../../../../node_modules/@ionic/angular/fesm2022/ionic-angular-standalone.mjs",
      "file": "@ionic_angular_standalone.js",
      "fileHash": "7e66263a",
      "needsInterop": false
    },
    "@ionic/storage-angular": {
      "src": "../../../../../../node_modules/@ionic/storage-angular/fesm2020/ionic-storage-angular.mjs",
      "file": "@ionic_storage-angular.js",
      "fileHash": "6d2387fe",
      "needsInterop": false
    },
    "chart.js": {
      "src": "../../../../../../node_modules/chart.js/dist/chart.js",
      "file": "chart__js.js",
      "fileHash": "10038467",
      "needsInterop": false
    },
    "ionicons": {
      "src": "../../../../../../node_modules/ionicons/dist/index.js",
      "file": "ionicons.js",
      "fileHash": "9c15465e",
      "needsInterop": false
    },
    "ionicons/icons": {
      "src": "../../../../../../node_modules/ionicons/icons/index.mjs",
      "file": "ionicons_icons.js",
      "fileHash": "026e2353",
      "needsInterop": false
    },
    "zone.js": {
      "src": "../../../../../../node_modules/zone.js/fesm2015/zone.js",
      "file": "zone__js.js",
      "fileHash": "db9dacf4",
      "needsInterop": true
    }
  },
  "chunks": {
    "ion-textarea.entry-RA436QVG": {
      "file": "ion-textarea__entry-RA436QVG.js"
    },
    "ion-toast.entry-YWFACVR5": {
      "file": "ion-toast__entry-YWFACVR5.js"
    },
    "ion-toggle.entry-YVETZYTT": {
      "file": "ion-toggle__entry-YVETZYTT.js"
    },
    "ion-segment_2.entry-QQQOK23M": {
      "file": "ion-segment_2__entry-QQQOK23M.js"
    },
    "ion-select-modal.entry-65JVXRTW": {
      "file": "ion-select-modal__entry-65JVXRTW.js"
    },
    "ion-select_3.entry-UXGZPOQL": {
      "file": "ion-select_3__entry-UXGZPOQL.js"
    },
    "ion-spinner.entry-5CJKQPHS": {
      "file": "ion-spinner__entry-5CJKQPHS.js"
    },
    "ion-split-pane.entry-WOMYYQWM": {
      "file": "ion-split-pane__entry-WOMYYQWM.js"
    },
    "ion-tab-bar_2.entry-RC44WRUC": {
      "file": "ion-tab-bar_2__entry-RC44WRUC.js"
    },
    "ion-tab_2.entry-HGU5SL3S": {
      "file": "ion-tab_2__entry-HGU5SL3S.js"
    },
    "ion-text.entry-FWM5GHCA": {
      "file": "ion-text__entry-FWM5GHCA.js"
    },
    "ion-range.entry-A67UIFEL": {
      "file": "ion-range__entry-A67UIFEL.js"
    },
    "ion-refresher_2.entry-6RREZ35N": {
      "file": "ion-refresher_2__entry-6RREZ35N.js"
    },
    "chunk-EKTWLTWC": {
      "file": "chunk-EKTWLTWC.js"
    },
    "ion-reorder_2.entry-FH7YZNMV": {
      "file": "ion-reorder_2__entry-FH7YZNMV.js"
    },
    "ion-ripple-effect.entry-6Q6NFBIF": {
      "file": "ion-ripple-effect__entry-6Q6NFBIF.js"
    },
    "ion-route_4.entry-UN23DSFC": {
      "file": "ion-route_4__entry-UN23DSFC.js"
    },
    "ion-searchbar.entry-7BS64NC5": {
      "file": "ion-searchbar__entry-7BS64NC5.js"
    },
    "ion-segment-content.entry-COTRZSL4": {
      "file": "ion-segment-content__entry-COTRZSL4.js"
    },
    "ion-segment-view.entry-JH5V2UCQ": {
      "file": "ion-segment-view__entry-JH5V2UCQ.js"
    },
    "ion-modal.entry-3MLP4ECJ": {
      "file": "ion-modal__entry-3MLP4ECJ.js"
    },
    "ion-nav_2.entry-ZN6VWJY2": {
      "file": "ion-nav_2__entry-ZN6VWJY2.js"
    },
    "ion-picker-column-option.entry-TDFHE6HQ": {
      "file": "ion-picker-column-option__entry-TDFHE6HQ.js"
    },
    "ion-picker-column.entry-ZGPSAVYK": {
      "file": "ion-picker-column__entry-ZGPSAVYK.js"
    },
    "ion-picker.entry-LNBX3CUA": {
      "file": "ion-picker__entry-LNBX3CUA.js"
    },
    "ion-popover.entry-DEAASS3O": {
      "file": "ion-popover__entry-DEAASS3O.js"
    },
    "ion-progress-bar.entry-24DVENYD": {
      "file": "ion-progress-bar__entry-24DVENYD.js"
    },
    "ion-radio_2.entry-QTM5YX7X": {
      "file": "ion-radio_2__entry-QTM5YX7X.js"
    },
    "chunk-4YTI4ER5": {
      "file": "chunk-4YTI4ER5.js"
    },
    "ion-infinite-scroll_2.entry-EEQ5UOPF": {
      "file": "ion-infinite-scroll_2__entry-EEQ5UOPF.js"
    },
    "ion-input-otp.entry-WDPY5YE3": {
      "file": "ion-input-otp__entry-WDPY5YE3.js"
    },
    "ion-input-password-toggle.entry-PKPTUL76": {
      "file": "ion-input-password-toggle__entry-PKPTUL76.js"
    },
    "ion-input.entry-7GKZ5F24": {
      "file": "ion-input__entry-7GKZ5F24.js"
    },
    "chunk-CWXZNE6C": {
      "file": "chunk-CWXZNE6C.js"
    },
    "chunk-FI3UHC7R": {
      "file": "chunk-FI3UHC7R.js"
    },
    "ion-item-option_3.entry-MTK22TYZ": {
      "file": "ion-item-option_3__entry-MTK22TYZ.js"
    },
    "chunk-BW7P24PA": {
      "file": "chunk-BW7P24PA.js"
    },
    "ion-item_8.entry-SV5K4CBD": {
      "file": "ion-item_8__entry-SV5K4CBD.js"
    },
    "ion-loading.entry-I2WIYDBX": {
      "file": "ion-loading__entry-I2WIYDBX.js"
    },
    "ion-menu_3.entry-P6PPESLZ": {
      "file": "ion-menu_3__entry-P6PPESLZ.js"
    },
    "ion-card_5.entry-6W7RDPPY": {
      "file": "ion-card_5__entry-6W7RDPPY.js"
    },
    "ion-checkbox.entry-B57SBNIM": {
      "file": "ion-checkbox__entry-B57SBNIM.js"
    },
    "ion-chip.entry-EMWMZJEM": {
      "file": "ion-chip__entry-EMWMZJEM.js"
    },
    "ion-col_3.entry-GFI5HW7Q": {
      "file": "ion-col_3__entry-GFI5HW7Q.js"
    },
    "ion-datetime-button.entry-46QADRKY": {
      "file": "ion-datetime-button__entry-46QADRKY.js"
    },
    "ion-datetime_3.entry-CNRYDH5G": {
      "file": "ion-datetime_3__entry-CNRYDH5G.js"
    },
    "chunk-BP2JXONX": {
      "file": "chunk-BP2JXONX.js"
    },
    "ion-fab_3.entry-VWT7NIFP": {
      "file": "ion-fab_3__entry-VWT7NIFP.js"
    },
    "ion-img.entry-WJP6WDY6": {
      "file": "ion-img__entry-WJP6WDY6.js"
    },
    "focus-visible-BmVRXR1y-5CI5DXNS": {
      "file": "focus-visible-BmVRXR1y-5CI5DXNS.js"
    },
    "chunk-QRN5AHKQ": {
      "file": "chunk-QRN5AHKQ.js"
    },
    "swipe-back-B2YfOHRM-J36MPPZZ": {
      "file": "swipe-back-B2YfOHRM-J36MPPZZ.js"
    },
    "ion-app_8.entry-MHFI235T": {
      "file": "ion-app_8__entry-MHFI235T.js"
    },
    "chunk-LPDUOX7Y": {
      "file": "chunk-LPDUOX7Y.js"
    },
    "chunk-5NKZUR6M": {
      "file": "chunk-5NKZUR6M.js"
    },
    "ion-avatar_3.entry-6AVWBQWM": {
      "file": "ion-avatar_3__entry-6AVWBQWM.js"
    },
    "ion-back-button.entry-UTLETSMJ": {
      "file": "ion-back-button__entry-UTLETSMJ.js"
    },
    "ion-backdrop.entry-IGOREOQK": {
      "file": "ion-backdrop__entry-IGOREOQK.js"
    },
    "ion-breadcrumb_2.entry-AA6ZUWEQ": {
      "file": "ion-breadcrumb_2__entry-AA6ZUWEQ.js"
    },
    "ion-button_2.entry-Z7QXEBGC": {
      "file": "ion-button_2__entry-Z7QXEBGC.js"
    },
    "ion-action-sheet.entry-TNJUS25T": {
      "file": "ion-action-sheet__entry-TNJUS25T.js"
    },
    "ion-alert.entry-SOW2JAXF": {
      "file": "ion-alert__entry-SOW2JAXF.js"
    },
    "chunk-A6WH5ETY": {
      "file": "chunk-A6WH5ETY.js"
    },
    "chunk-32GL4UXS": {
      "file": "chunk-32GL4UXS.js"
    },
    "chunk-KMEAOCFP": {
      "file": "chunk-KMEAOCFP.js"
    },
    "ios.transition-eAEkgVAv-F3EBT7HL": {
      "file": "ios__transition-eAEkgVAv-F3EBT7HL.js"
    },
    "md.transition-D8TeJ_Pz-ZQS3DMRI": {
      "file": "md__transition-D8TeJ_Pz-ZQS3DMRI.js"
    },
    "index-C6WeRr09-QB6P7MSI": {
      "file": "index-C6WeRr09-QB6P7MSI.js"
    },
    "status-tap-pATNXEtr-OWHV4ZA4": {
      "file": "status-tap-pATNXEtr-OWHV4ZA4.js"
    },
    "input-shims-C4KDnhxb-A4LB4FRN": {
      "file": "input-shims-C4KDnhxb-A4LB4FRN.js"
    },
    "chunk-7FBA56ON": {
      "file": "chunk-7FBA56ON.js"
    },
    "keyboard-ywgs5efA-U3UZBM3K": {
      "file": "keyboard-ywgs5efA-U3UZBM3K.js"
    },
    "chunk-QGLHSLIO": {
      "file": "chunk-QGLHSLIO.js"
    },
    "chunk-UDOB7BMP": {
      "file": "chunk-UDOB7BMP.js"
    },
    "chunk-KH3VUFSP": {
      "file": "chunk-KH3VUFSP.js"
    },
    "index7-J3VCTQIB": {
      "file": "index7-J3VCTQIB.js"
    },
    "status-tap-GTRKQBBY": {
      "file": "status-tap-GTRKQBBY.js"
    },
    "input-shims-ZHBFVGQY": {
      "file": "input-shims-ZHBFVGQY.js"
    },
    "focus-visible-GGZKPXQO": {
      "file": "focus-visible-GGZKPXQO.js"
    },
    "ion-icon.entry-O23MGTSD": {
      "file": "ion-icon__entry-O23MGTSD.js"
    },
    "ion-accordion_2.entry-P5GHYH6W": {
      "file": "ion-accordion_2__entry-P5GHYH6W.js"
    },
    "chunk-IUTD4BIB": {
      "file": "chunk-IUTD4BIB.js"
    },
    "index-CfgBF1SE-J44JQ36C": {
      "file": "index-CfgBF1SE-J44JQ36C.js"
    },
    "hardware-back-button-Dhbd-23H-ARAQYKRX": {
      "file": "hardware-back-button-Dhbd-23H-ARAQYKRX.js"
    },
    "web-E3RNVH43": {
      "file": "web-E3RNVH43.js"
    },
    "ios.transition-6SHCJTRC": {
      "file": "ios__transition-6SHCJTRC.js"
    },
    "md.transition-5CLXH3ZZ": {
      "file": "md__transition-5CLXH3ZZ.js"
    },
    "index3-XFME26OS": {
      "file": "index3-XFME26OS.js"
    },
    "hardware-back-button-WDOQNWPD": {
      "file": "hardware-back-button-WDOQNWPD.js"
    },
    "swipe-back-DLMBJHLE": {
      "file": "swipe-back-DLMBJHLE.js"
    },
    "keyboard-DFJ7OQJH": {
      "file": "keyboard-DFJ7OQJH.js"
    },
    "chunk-6CBVNVRR": {
      "file": "chunk-6CBVNVRR.js"
    },
    "chunk-L6ISKHKK": {
      "file": "chunk-L6ISKHKK.js"
    },
    "chunk-IUXA2G6D": {
      "file": "chunk-IUXA2G6D.js"
    },
    "chunk-G5UZVNUA": {
      "file": "chunk-G5UZVNUA.js"
    },
    "chunk-IKS2SDKY": {
      "file": "chunk-IKS2SDKY.js"
    },
    "chunk-QHGSX5CA": {
      "file": "chunk-QHGSX5CA.js"
    },
    "chunk-OPSJ4SG5": {
      "file": "chunk-OPSJ4SG5.js"
    },
    "chunk-34QX6F67": {
      "file": "chunk-34QX6F67.js"
    },
    "chunk-DFQRJ2UT": {
      "file": "chunk-DFQRJ2UT.js"
    },
    "chunk-2TC2NZ6R": {
      "file": "chunk-2TC2NZ6R.js"
    },
    "chunk-D3THB2TU": {
      "file": "chunk-D3THB2TU.js"
    },
    "chunk-3FNNTZ4F": {
      "file": "chunk-3FNNTZ4F.js"
    },
    "chunk-6P6OYLVN": {
      "file": "chunk-6P6OYLVN.js"
    },
    "chunk-YG6L5RZT": {
      "file": "chunk-YG6L5RZT.js"
    },
    "chunk-WQHKVZFE": {
      "file": "chunk-WQHKVZFE.js"
    },
    "chunk-LZ7QLPT7": {
      "file": "chunk-LZ7QLPT7.js"
    },
    "chunk-FUHO4HWB": {
      "file": "chunk-FUHO4HWB.js"
    },
    "chunk-BZJC6MJ4": {
      "file": "chunk-BZJC6MJ4.js"
    },
    "chunk-Z3OEOVFM": {
      "file": "chunk-Z3OEOVFM.js"
    },
    "chunk-QA2SYHF5": {
      "file": "chunk-QA2SYHF5.js"
    },
    "chunk-2KVAN6DY": {
      "file": "chunk-2KVAN6DY.js"
    },
    "chunk-LCMILTBF": {
      "file": "chunk-LCMILTBF.js"
    },
    "chunk-BDIIYHWW": {
      "file": "chunk-BDIIYHWW.js"
    },
    "chunk-3OPXF6DK": {
      "file": "chunk-3OPXF6DK.js"
    },
    "chunk-KT477NGH": {
      "file": "chunk-KT477NGH.js"
    },
    "chunk-7C2LCPQQ": {
      "file": "chunk-7C2LCPQQ.js"
    },
    "chunk-KTH2WNY4": {
      "file": "chunk-KTH2WNY4.js"
    },
    "chunk-POCLHMAZ": {
      "file": "chunk-POCLHMAZ.js"
    },
    "chunk-UQ7LSM44": {
      "file": "chunk-UQ7LSM44.js"
    },
    "chunk-4554YRK6": {
      "file": "chunk-4554YRK6.js"
    },
    "chunk-6U2AQA2C": {
      "file": "chunk-6U2AQA2C.js"
    },
    "chunk-2H3NLAAY": {
      "file": "chunk-2H3NLAAY.js"
    },
    "chunk-QEE7QVES": {
      "file": "chunk-QEE7QVES.js"
    },
    "chunk-URIZCE4R": {
      "file": "chunk-URIZCE4R.js"
    },
    "chunk-Z4SBLANY": {
      "file": "chunk-Z4SBLANY.js"
    },
    "chunk-CTHLSMNG": {
      "file": "chunk-CTHLSMNG.js"
    },
    "chunk-LG4A2HCZ": {
      "file": "chunk-LG4A2HCZ.js"
    },
    "chunk-2NPMKZOH": {
      "file": "chunk-2NPMKZOH.js"
    },
    "chunk-3FCM2GXI": {
      "file": "chunk-3FCM2GXI.js"
    },
    "chunk-6RUBQRFS": {
      "file": "chunk-6RUBQRFS.js"
    },
    "chunk-5OBLQ6DW": {
      "file": "chunk-5OBLQ6DW.js"
    },
    "chunk-EAE2VPRF": {
      "file": "chunk-EAE2VPRF.js"
    }
  }
}